frame,frameTime,renderTime,drawCalls,batches,setPassCalls,triangles
28292,0.01239605,0.01043423,5764,5726,641,401897
28293,0.01256378,0.01030014,5764,5726,641,401897
28294,0.01737042,0.01488552,5764,5726,641,401897
28295,0.01511007,0.01240345,5764,5726,641,401897
28296,0.01326698,0.01113362,5764,5726,641,401897
28297,0.01275995,0.01076627,5764,5726,641,401897
28298,0.01336609,0.01141776,5764,5726,641,401897
28299,0.01348308,0.01137248,5764,5726,641,401897
28300,0.01276873,0.01070773,5764,5726,641,401897
28301,0.0131819,0.01122412,5764,5726,641,401897
28302,0.01292337,0.01050749,5764,5726,641,401897
28303,0.01224582,0.01017207,5764,5726,641,401897
28304,0.01250121,0.01046159,5764,5726,641,401897
28305,0.0120718,0.01010774,5764,5726,641,401897
28306,0.01201763,0.01012684,5764,5726,641,401897
28307,0.01255541,0.01056926,5764,5726,641,401897
28308,0.01212009,0.01008225,5764,5726,641,401897
28309,0.01244646,0.0104348,5764,5726,641,401897
28310,0.01248985,0.01053664,5764,5726,641,401897
28311,0.01328663,0.01131661,5764,5726,641,401897
28312,0.01238468,0.01039457,5764,5726,641,401897
28313,0.0130169,0.01114684,5764,5726,641,401897
28314,0.01223617,0.01026518,5764,5726,641,401897
28315,0.01277921,0.01030777,5764,5726,641,401897
28316,0.01223921,0.01024628,5764,5726,641,401897
28317,0.01267054,0.01070252,5764,5726,641,401897
28318,0.01238631,0.01050448,5764,5726,641,401897
28319,0.01262899,0.01062841,5764,5726,641,401897
28320,0.0122933,0.01035027,5764,5726,641,401897
28321,0.01209426,0.01011949,5764,5726,641,401897
28322,0.0164936,0.01442527,5764,5726,641,401897
28323,0.01346792,0.01131445,5764,5726,641,401897
28324,0.01229428,0.01025945,5764,5726,641,401897
28325,0.01274224,0.01069757,5764,5726,641,401897
28326,0.01214585,0.01015049,5764,5726,641,401897
28327,0.01250647,0.01055774,5764,5726,641,401897
28328,0.01312553,0.01103135,5764,5726,641,401897
28329,0.01210932,0.01008982,5764,5726,641,401897
28330,0.01192848,0.01001066,5764,5726,641,401897
28331,0.01268845,0.0107771,5764,5726,641,401897
28332,0.01307318,0.01102607,5764,5726,641,401897
28333,0.01267219,0.01061909,5764,5726,641,401897
28334,0.01209829,0.01016078,5764,5726,641,401897
28335,0.01339465,0.010554,5764,5726,641,401897
28336,0.01220753,0.01011939,5764,5726,641,401897
28337,0.01233699,0.01043072,5764,5726,641,401897
28338,0.01232451,0.01035997,5764,5726,641,401897
28339,0.01205688,0.01019242,5764,5726,641,401897
28340,0.01275815,0.01076221,5764,5726,641,401897
28341,0.01279857,0.01081827,5764,5726,641,401897
28342,0.01222754,0.01021054,5764,5726,641,401897
28343,0.01228131,0.01035995,5764,5726,641,401897
28344,0.01269114,0.01077259,5764,5726,641,401897
28345,0.01207203,0.01017534,5764,5726,641,401897
28346,0.0121599,0.01014536,5764,5726,641,401897
28347,0.01204127,0.01017306,5764,5726,641,401897
28348,0.01264226,0.01042528,5764,5726,641,401897
28349,0.01293889,0.01074773,5764,5726,641,401897
28350,0.01266977,0.01063658,5764,5726,641,401897
28351,0.01231048,0.01031187,5764,5726,641,401897
28352,0.01369489,0.01170268,5764,5726,641,401897
28353,0.01237219,0.01012329,5764,5726,641,401897
28354,0.01203804,0.0100745,5764,5726,641,401897
28355,0.01208189,0.01014595,5764,5726,641,401897
28356,0.01279949,0.01084958,5764,5726,641,401897
28357,0.01241164,0.01036673,5764,5726,641,401897
28358,0.01237507,0.01045213,5764,5726,641,401897
28359,0.01219782,0.01024118,5764,5726,641,401897
28360,0.01257336,0.01049437,5764,5726,641,401897
28361,0.01209224,0.0101407,5764,5726,641,401897
28362,0.0122501,0.01021817,5764,5726,641,401897
28363,0.01271554,0.01073312,5764,5726,641,401897
28364,0.01292395,0.01089531,5764,5726,641,401897
28365,0.0130776,0.01107498,5764,5726,641,401897
28366,0.01278082,0.01072342,5764,5726,641,401897
28367,0.01309664,0.01110859,5764,5726,641,401897
28368,0.01435357,0.01232432,5764,5726,641,401897
28369,0.0138455,0.01180173,5764,5726,641,401897
28370,0.01248277,0.01040893,5764,5726,641,401897
28371,0.01403076,0.01211107,5764,5726,641,401897
28372,0.01262262,0.01067757,5764,5726,641,401897
28373,0.0125629,0.01053249,5764,5726,641,401897
28374,0.01412944,0.01195863,5764,5726,641,401897
28375,0.01262778,0.01047104,5764,5726,641,401897
28376,0.01234191,0.01039621,5764,5726,641,401897
28377,0.01280286,0.01084906,5764,5726,641,401897
28378,0.01252764,0.01043201,5764,5726,641,401897
28379,0.01251199,0.0104874,5764,5726,641,401897
28380,0.01259512,0.01069015,5764,5726,641,401897
28381,0.01280223,0.01083226,5764,5726,641,401897
28382,0.01259152,0.01052939,5764,5726,641,401897
28383,0.01259591,0.01048137,5764,5726,641,401897
28384,0.01235734,0.01030006,5764,5726,641,401897
28385,0.01233794,0.01041783,5764,5726,641,401897
28386,0.01282042,0.01072629,5764,5726,641,401897
28387,0.01415703,0.01206878,5764,5726,641,401897
28388,0.01246469,0.01045711,5764,5726,641,401897
28389,0.01251105,0.01048801,5764,5726,641,401897
28390,0.01259025,0.01048831,5764,5726,641,401897
28391,0.01255323,0.01053873,5764,5726,641,401897
28392,0.0123955,0.01039973,5764,5726,641,401897
28393,0.01257557,0.01058263,5764,5726,641,401897
28394,0.0140339,0.01206359,5764,5726,641,401897
28395,0.01244313,0.01037333,5764,5726,641,401897
28396,0.01398992,0.01199452,5764,5726,641,401897
28397,0.01223569,0.01033289,5764,5726,641,401897
28398,0.01356012,0.01151969,5764,5726,641,401897
28399,0.01262279,0.01063376,5764,5726,641,401897
28400,0.01238932,0.01043575,5764,5726,641,401897
28401,0.01380028,0.01173146,5764,5726,641,401897
28402,0.01287969,0.01078296,5764,5726,641,401897
28403,0.01246432,0.01045771,5764,5726,641,401897
28404,0.01282972,0.01087599,5764,5726,641,401897
28405,0.01239956,0.01046493,5764,5726,641,401897
28406,0.01316013,0.0111529,5764,5726,641,401897
28407,0.01253956,0.01051629,5764,5726,641,401897
28408,0.01231618,0.01033,5764,5726,641,401897
28409,0.01282504,0.01075179,5764,5726,641,401897
28410,0.01300059,0.01103592,5764,5726,641,401897
28411,0.01247404,0.01055074,5764,5726,641,401897
28412,0.01247407,0.01045075,5764,5726,641,401897
28413,0.01240942,0.01047898,5764,5726,641,401897
28414,0.01261679,0.01062707,5764,5726,641,401897
28415,0.01235525,0.01042448,5764,5726,641,401897
28416,0.01269395,0.01071992,5764,5726,641,401897
28417,0.01264767,0.01070675,5764,5726,641,401897
28418,0.01243932,0.0104724,5764,5726,641,401897
28419,0.012496,0.01058561,5764,5726,641,401897
28420,0.01226419,0.01010851,5764,5726,641,401897
28421,0.01211931,0.01030321,5764,5726,641,401897
28422,0.01216215,0.01025989,5764,5726,641,401897
28423,0.01203315,0.01004845,5764,5726,641,401897
28424,0.0122706,0.01021536,5764,5726,641,401897
28425,0.01214662,0.01027934,5764,5726,641,401897
28426,0.01216256,0.01019918,5764,5726,641,401897
28427,0.01240926,0.01034921,5764,5726,641,401897
28428,0.01266474,0.01064482,5764,5726,641,401897
28429,0.01219689,0.01019657,5764,5726,641,401897
28430,0.01199451,0.01009034,5764,5726,641,401897
28431,0.0123115,0.01027219,5764,5726,641,401897
28432,0.01319375,0.0111879,5764,5726,641,401897
28433,0.01299561,0.01099204,5764,5726,641,401897
28434,0.01250192,0.01055869,5764,5726,641,401897
28435,0.01271991,0.01066736,5764,5726,641,401897
28436,0.01313323,0.01120218,5764,5726,641,401897
28437,0.01279569,0.01090968,5764,5726,641,401897
28438,0.012787,0.01075691,5764,5726,641,401897
28439,0.01274292,0.01085665,5764,5726,641,401897
28440,0.012791,0.01084493,5764,5726,641,401897
28441,0.01351306,0.0115878,5764,5726,641,401897
28442,0.01260662,0.01067061,5764,5726,641,401897
28443,0.01292601,0.01089072,5764,5726,641,401897
28444,0.0129849,0.01110012,5764,5726,641,401897
28445,0.0129876,0.01100464,5764,5726,641,401897
28446,0.01276046,0.01078875,5764,5726,641,401897
28447,0.0127195,0.01079208,5764,5726,641,401897
28448,0.01305879,0.0111368,5764,5726,641,401897
28449,0.01275658,0.01077735,5764,5726,641,401897
28450,0.01360271,0.01142759,5764,5726,641,401897
28451,0.01250288,0.01056707,5764,5726,641,401897
28452,0.01269653,0.01082383,5764,5726,641,401897
28453,0.01341406,0.01137866,5764,5726,641,401897
28454,0.01205584,0.009956191,5764,5726,641,401897
28455,0.01261066,0.01043096,5764,5726,641,401897
28456,0.01228794,0.01026282,5764,5726,641,401897
28457,0.01285926,0.01090086,5764,5726,641,401897
28458,0.01229872,0.01032381,5764,5726,641,401897
28459,0.0136178,0.01066175,5764,5726,641,401897
28460,0.01289087,0.01062016,5764,5726,641,401897
28461,0.01270652,0.01063093,5764,5726,641,401897
28462,0.01323376,0.01070307,5764,5726,641,401897
28463,0.01308642,0.0110512,5764,5726,641,401897
28464,0.01279565,0.01056189,5764,5726,641,401897
28465,0.01238796,0.01028222,5764,5726,641,401897
28466,0.01254492,0.01040603,5764,5726,641,401897
28467,0.01282461,0.01056264,5764,5726,641,401897
28468,0.0126452,0.01052975,5764,5726,641,401897
28469,0.01228645,0.01017026,5764,5726,641,401897
28470,0.01276615,0.01048642,5764,5726,641,401897
28471,0.01238691,0.0104042,5764,5726,641,401897
