frame,inputNs,simulationNs,viewsNs,effectsNs,hudNs,gcBytes,frameTime,renderTime,enemies,tick
7093,5571,14441696,945516,88506,4236924,70397,0.0279281,0.02564063,74,80
7094,6204,0,881690,4015,4317332,62457,0.01394038,0.01121178,74,80
7095,6132,14545750,955094,109365,4119574,71153,0.02779526,0.02550176,74,81
7096,5511,14172943,959871,92730,4263505,71071,0.02793689,0.02551462,74,82
7097,5973,14800948,965126,153308,4167921,72009,0.02812238,0.025909,74,83
7098,5653,0,865604,8459,4351837,62719,0.0132035,0.01101484,74,83
7099,5972,14502480,932491,122152,4107368,71349,0.02811577,0.02579491,74,84
7100,5742,14554219,1029284,73873,4099350,70961,0.02789214,0.02557031,74,85
7101,5822,0,863682,9111,4436786,62593,0.01409157,0.01177412,74,85
7102,5799,15610886,2492800,842035,4239614,85953,0.031778,0.02946523,74,86
7103,5899,14537691,940095,98594,4199334,71075,0.02849567,0.02628304,74,87
7104,5719,14695447,1009790,123002,4115099,71813,0.02852836,0.02622722,74,88
7105,5978,14642375,953698,90335,4233721,71135,0.02854548,0.02620624,74,89
7106,6148,0,815722,5002,4256004,62455,0.01317112,0.01108713,74,89
7107,5616,14570803,953740,162950,4339423,71353,0.02871525,0.02642142,74,90
7108,5987,14763281,978031,75648,4184815,70871,0.02975847,0.02729181,74,91
7109,5921,14871076,935835,72199,4264038,71501,0.02892778,0.02637019,74,92
7110,5685,0,858342,8194,4210639,62365,0.01305213,0.01100646,74,92
7111,5636,14335643,944780,67117,4125409,70753,0.02754175,0.02533697,74,93
7112,5452,14296898,879219,10189,4103297,70717,0.02739196,0.02510202,74,94
7113,5634,0,863965,7583,4168843,62455,0.01352533,0.01152525,74,94
7114,5507,14262755,917290,106472,4303737,71205,0.02768505,0.02532098,74,95
7115,5661,13987430,887032,69663,4117054,71223,0.02730182,0.0250565,74,96
7116,5635,0,902093,14384,4105704,62361,0.01296515,0.01095336,74,96
7117,5585,14173855,957272,107369,4178022,71163,0.02758557,0.02537016,74,97
7118,5400,13945287,935665,120451,4179378,71471,0.02721521,0.02500067,74,98
7119,5991,14028711,995097,98566,4049562,71071,0.02725845,0.02499705,74,99
7120,5919,0,864588,8207,4194607,62807,0.01287363,0.01075878,74,99
7121,5899,13912431,960283,158953,4089081,71753,0.02712646,0.02485165,74,100
7122,5523,14046857,936248,124155,4184595,71475,0.02752851,0.02525049,74,101
7123,5764,0,870270,10923,4203957,62487,0.01283769,0.01082015,74,101
7124,6352,14061382,909575,86678,4045085,70967,0.02718151,0.02488389,74,102
7125,5927,14540169,2525034,859215,4116714,86361,0.03060426,0.02830517,74,103
7126,6002,0,818203,11463,4080472,62743,0.01313982,0.0111349,74,103
7127,5626,14094747,918844,88609,4089669,71053,0.02766862,0.02545705,74,104
7128,5629,13790880,998714,170246,4228015,71665,0.02810021,0.02564252,74,105
7129,18145,13939738,1029236,111410,4151728,71275,0.02817422,0.02566361,74,106
7130,5848,0,867248,47673,4325913,62407,0.01340833,0.01127081,74,106
7131,18553,14106807,993307,155193,4112272,71367,0.0279667,0.02575894,74,107
7132,5442,13823647,1016617,72193,4187349,71291,0.02751312,0.02513971,74,108
7133,5696,0,860675,10388,4236714,62471,0.01357172,0.01149484,74,108
7134,6092,13975080,1024566,69345,4247144,70823,0.02835929,0.02608122,74,109
7135,5527,14042622,889227,74519,4177683,70877,0.02743522,0.02508817,74,110
7136,6152,14074642,884586,10175,4299313,70665,0.0278132,0.02566527,74,111
7137,6018,0,836549,7234,4294723,62717,0.01472129,0.01272419,74,111
7138,6264,14100550,979580,110466,4222826,71157,0.02774742,0.0253632,74,112
7139,18216,14245095,897579,7990,4094691,70671,0.02754761,0.02504007,74,113
7140,6092,0,937850,7493,4286004,62465,0.01349615,0.01139424,74,113
7141,6023,13944292,1098072,146596,4169097,71209,0.02750763,0.02507094,74,114
7142,5468,14220072,987803,154045,4139822,71887,0.02755584,0.02532363,74,115
7143,6105,14162148,918255,92479,4311913,71427,0.0281663,0.02572598,74,116
7144,5928,0,970049,4662,4255274,62421,0.01377333,0.01169852,74,116
7145,18124,13702550,975225,167186,4248590,71957,0.0271391,0.02496548,74,117
7146,5811,13995925,994358,125504,4097403,71487,0.02759003,0.02535551,74,118
7147,6248,0,861836,12092,4412193,62469,0.01320664,0.01112535,74,118
7148,6072,13676107,1009462,122058,4185677,71367,0.02729033,0.0250772,74,119
7149,5703,14139128,2517206,796050,4163921,85635,0.03036216,0.02793469,74,120
7150,17763,13876579,922266,96608,4567324,71139,0.02848166,0.02615937,74,121
7151,6647,0,993544,12027,4423345,62385,0.01417477,0.01178285,74,121
7152,6052,13625832,998356,139453,4359209,71567,0.02771863,0.02550602,74,122
7153,5611,13465773,960575,126795,4342116,71475,0.02751355,0.02521746,74,123
7154,5556,0,850168,46264,4212013,62821,0.01328074,0.01121076,74,123
7155,5721,13739577,952762,121435,4325461,71423,0.0276333,0.0253305,74,124
7156,5598,13351884,948068,89501,4203368,71067,0.02725848,0.02494865,74,125
7157,5974,13705061,907384,75317,4184670,71921,0.02731097,0.02502472,74,126
7158,6043,0,881169,10001,4551630,62369,0.01378979,0.01152162,74,126
7159,6036,13466182,950773,90459,4080285,71019,0.02659158,0.024297,74,127
7160,5441,13533251,886898,10552,4091840,71009,0.02745464,0.02524645,74,128
7161,5847,0,881122,8584,4149048,62459,0.01342455,0.01128896,74,128
7162,5980,13718306,919583,106609,4231958,71157,0.02712927,0.02477443,74,129
7163,6063,14094207,895699,73770,4313178,70875,0.02762512,0.02525167,74,130
7164,5548,0,923364,8333,4297520,62369,0.01330829,0.01127683,74,130
7165,5505,13824973,924415,111724,4383871,71157,0.02719139,0.02497953,74,131
7166,5544,13742481,945351,132690,4252558,72083,0.02732681,0.02507058,74,132
7167,5730,0,830170,9432,4240698,62379,0.01333547,0.01132649,74,132
7168,5537,13590812,946454,89631,4490699,71009,0.02762782,0.02520105,74,133
7169,5622,13691498,1044588,272529,4088047,72355,0.02802181,0.02576957,74,134
7170,5831,13877810,921376,114506,4213667,71287,0.02732547,0.02503658,74,135
7171,5727,0,820664,11355,4086737,62731,0.01343307,0.01109849,74,135
7172,5888,13553113,1005873,124548,4284274,71367,0.02704934,0.02478514,74,136
7173,5565,14114411,2609105,796315,4295457,118132,0.03123409,0.02796436,74,137
7174,5673,13708250,952765,97187,4193836,71093,0.02769208,0.02530146,74,138
7175,5580,0,854209,9453,4260650,62459,0.01295528,0.01097143,74,138
7176,5241,13675870,970726,138721,4162213,71557,0.02815039,0.02590744,74,139
7177,19846,13828169,980476,123916,4385881,71935,0.0280745,0.02581223,74,140
7178,20892,0,870050,44929,4257268,62391,0.01352426,0.01152587,74,140
7179,5727,14030113,1030426,135516,4257015,71583,0.02761308,0.02528601,74,141
7180,5652,13539318,915659,136130,4288704,71087,0.02752392,0.02515782,74,142
7181,6183,0,826246,10772,4157972,62379,0.01415736,0.01174094,74,142
7182,5484,14121421,967173,69438,4268198,70857,0.02813414,0.0255392,74,143
7183,5768,13749719,970173,127695,4218936,71813,0.02762831,0.02524989,74,144
7184,5627,14037545,997879,11818,4086105,70675,0.02703861,0.02492452,74,145
7185,5890,0,867625,8910,4400789,62369,0.01333056,0.01115697,74,145
7186,5754,14491991,1028200,140545,4112809,71609,0.028428,0.02596007,74,146
7187,5745,14407655,903715,88396,4243869,71079,0.02772345,0.02547817,74,147
7188,5442,0,829584,10142,4243714,62867,0.01393514,0.01185227,74,147
7189,6016,14406605,903103,97342,4266925,70967,0.02793855,0.0255612,74,148
7190,5908,14102128,953809,138569,4333137,71661,0.02833378,0.02613541,74,149
7191,5655,14058521,936038,127107,4197071,71075,0.02771978,0.02542052,74,150
7192,6105,0,888480,9406,4206159,62379,0.01342218,0.01135684,74,150
7193,5724,13977114,1120302,199684,4556263,72357,0.02826232,0.02601158,74,151
7194,6871,14426222,998291,106392,4095176,71639,0.02828126,0.02592893,74,152
7195,5910,14217587,933269,129416,4121046,71617,0.02752568,0.02528008,74,153
7196,5689,0,1028304,9863,4124605,62379,0.01323694,0.01118539,74,153
7197,5762,14610503,2589635,815977,4192963,84441,0.03091955,0.02856947,74,154
7198,5786,14133121,966369,113408,4289469,71287,0.02809221,0.02580765,74,155
7199,19881,14162977,963638,139125,4182452,72083,0.02841728,0.02613432,74,156
7200,6012,0,995336,9790,4307614,62395,0.01349877,0.01143829,74,156
7201,5644,14157446,993316,119704,4075134,71357,0.02785449,0.02548702,74,157
7202,5708,14205136,996748,176748,4210732,71765,0.02813522,0.02581752,74,158
7203,5938,0,983031,21371,4290205,62379,0.01318906,0.01122008,74,158
7204,19666,13949713,907112,65988,4302713,70819,0.02749679,0.02530868,74,159
7205,5647,14168586,932243,74045,4383793,71233,0.02804103,0.02585402,74,160
7206,5790,13911248,968687,131102,4273582,71465,0.02774988,0.02540908,74,161
7207,5770,0,860425,10707,4307927,62379,0.01330091,0.01128628,74,161
7208,6178,13574492,901971,4236,4235795,70567,0.02686279,0.02463477,74,162
7209,5995,13657087,992041,154529,4198569,71945,0.0274302,0.02516904,74,163
7210,5705,0,942483,7022,4323378,62783,0.01372733,0.01163241,74,163
7211,5312,13743806,906078,87515,4168483,70957,0.02722354,0.02493856,74,164
7212,6192,13850586,907434,93351,4244454,71065,0.02733653,0.02502384,74,165
7213,20411,0,872047,4723,4178396,62421,0.01327656,0.01130833,74,165
7214,5633,13673433,993801,152713,4109087,71573,0.02699932,0.02475289,74,166
7215,5804,13819607,930417,95701,4174675,71075,0.02741693,0.02505892,74,167
7216,5794,0,860389,8588,4213645,62811,0.01422758,0.01204909,74,167
7217,5543,14123543,1059305,228644,4270354,72557,0.02782238,0.02560747,74,168
7218,20316,13821883,977379,109628,4238673,71287,0.02878333,0.0265164,74,169
7219,6523,13870232,1000866,145908,4146221,71687,0.02726283,0.02503597,74,170
7220,6013,0,859800,9282,4403163,62391,0.01334433,0.01120621,74,170
7221,6324,14144146,2675069,752300,4162080,85725,0.03040572,0.02798665,74,171
7222,5469,14223750,972931,96672,4197563,71547,0.02824611,0.02592717,74,172
7223,5727,14465626,1082110,140132,4378012,71755,0.02876738,0.02648127,74,173
7224,5815,0,847183,10937,4311949,62391,0.01314425,0.01109427,74,173
7225,6006,14228835,1023558,135289,4318015,71567,0.02842755,0.02613078,74,174
7226,5571,14406626,1086018,177881,4220228,71687,0.02881328,0.02624992,74,175
7227,18068,15023509,919384,72784,4187391,71239,0.02893499,0.02650109,74,176
7228,5797,0,948012,10866,4218077,62385,0.0131925,0.01120598,74,176
7229,6380,14484889,935842,70781,4228547,70763,0.02808112,0.02580878,74,177
7230,5629,14304632,916207,112066,4210226,71355,0.02785149,0.02533733,74,178
7231,5924,0,859992,10448,4313564,62431,0.01298768,0.01089408,74,178
7232,5472,14312174,903240,3991,4218700,70567,0.02738209,0.02517408,74,179
7233,6018,14384128,979580,166636,4168434,72463,0.02793805,0.0257532,74,180
7234,5833,14508567,933191,91969,4237542,71071,0.02787653,0.0255455,74,181
7235,5704,0,855374,9956,4262378,62365,0.01326014,0.01114726,74,181
7236,5811,15146972,914935,88989,4312153,70957,0.02839718,0.02613124,74,182
7237,5990,14779525,953779,141345,4156424,71755,0.02816601,0.02588688,74,183
7238,5450,0,861567,12647,4204767,62731,0.01333048,0.01137925,74,183
7239,5891,14622891,909406,88807,4208361,70967,0.02768479,0.02549898,74,184
7240,5679,14270243,1013450,237961,4313125,72517,0.02816916,0.02586999,74,185
7241,5560,14273993,941236,93460,4055822,71087,0.02785128,0.02547676,74,186
7242,5891,0,867223,12358,4256797,62369,0.01300495,0.01101592,74,186
7243,5740,14379746,949306,137541,4148826,71567,0.02759776,0.0253384,74,187
7244,5749,14234032,2552116,768117,4169033,84177,0.03031582,0.02792818,74,188
7245,5727,0,849276,14854,4234188,62391,0.01312233,0.01117346,74,188
7246,5737,14078414,1061227,87633,4235026,70967,0.02792539,0.02566814,74,189
7247,5571,14121673,959185,143714,4090824,71677,0.02838483,0.02611033,74,190
7248,5925,14185868,958898,141316,4151586,71675,0.0281341,0.02594773,74,191
7249,5756,0,822741,56668,4221928,62779,0.01305102,0.01100688,74,191
7250,5600,14227213,968879,136362,4238228,71567,0.02788245,0.02569761,74,192
7251,5519,13993687,979552,71292,4126489,70965,0.02762751,0.02535636,74,193
7252,6011,0,1007520,11087,4182395,62369,0.01315724,0.0110884,74,193
7253,5478,14307969,956791,71426,4091928,70775,0.02764204,0.02540189,74,194
7254,5408,14365630,923909,111912,4109334,71265,0.02754014,0.0252298,74,195
7255,5442,13988247,863204,16155,4224557,71079,0.02715847,0.02485604,74,196
7256,5719,0,852658,7425,4080369,62369,0.01283246,0.0107636,74,196
7257,5738,14014836,1038546,182630,4146196,72153,0.02738567,0.02514533,74,197
7258,5881,13855385,995905,69715,4352296,71029,0.0271569,0.02495538,74,198
7259,5628,0,869756,9432,4172831,62365,0.01359594,0.01167623,74,198
7260,5812,14071352,903959,89902,4122587,70957,0.0275184,0.02500027,74,199
7261,5970,13953430,976417,130459,4076494,72013,0.02727707,0.02508076,74,200
7262,5521,0,858392,13521,4169467,62379,0.01312262,0.01112941,74,200
7263,5779,14347499,942147,86724,4242943,70967,0.02754544,0.0253803,74,201
7264,5414,14324655,1022639,222124,4084879,72661,0.02759889,0.02538038,74,202
7265,5791,0,863376,9500,4312582,62481,0.01335127,0.01119034,74,202
7266,5283,14378420,910340,88257,4034604,70957,0.02748685,0.02526771,74,203
7267,5640,14225006,951576,139378,4194729,72125,0.02769112,0.02545865,74,204
7268,5943,14356942,2345838,844737,4237486,83147,0.03029413,0.02804485,74,205
7269,5625,0,817959,15419,4237697,62391,0.01350013,0.01144139,74,205
7270,6142,14375682,943167,107417,4231221,70967,0.02855876,0.02617566,74,206
7271,6260,14421740,1019098,180858,4112548,71675,0.02824228,0.02586924,74,207
7272,6043,14516531,973400,146117,4248252,72129,0.02856099,0.02623211,74,208
7273,5662,0,924682,45373,4300700,62379,0.01325636,0.01121606,74,208
7274,5549,14953485,972560,158973,4253722,71567,0.02868983,0.02643217,74,209
7275,5703,14693721,921609,74694,4313408,70875,0.02889315,0.02631324,74,210
7276,5817,14469627,1001550,75711,4149942,70917,0.02817787,0.02589477,74,211
7277,5939,0,853448,10609,4235564,62789,0.01321172,0.01108875,74,211
7278,5882,14936421,923981,135798,4190190,70967,0.0288985,0.02650839,74,212
7279,5825,14419785,883683,11255,4335324,70761,0.02756423,0.02530179,74,213
7280,5570,0,874945,7767,4089224,62369,0.01385745,0.01176507,74,213
7281,5945,14486382,1046938,186294,4349548,72157,0.02821812,0.02596983,74,214
7282,17850,14520788,1030391,72088,4405572,70887,0.02831279,0.02610816,74,215
7283,13196,14362664,905673,92601,4131363,71445,0.02776653,0.02530412,74,216
7284,6101,0,903251,4845,4409856,62385,0.01337719,0.01126359,74,216
7285,5745,14565126,1012077,125222,4288670,71409,0.02827425,0.02598889,74,217
7286,5992,14727552,914631,78759,4215691,70977,0.02857008,0.02628766,74,218
7287,5886,0,847761,8183,4425942,62369,0.01306397,0.0111262,74,218
7288,6260,14752209,1090908,280637,4217537,73009,0.02856494,0.02634159,74,219
7289,5754,15064380,951173,108318,4309406,71639,0.0286342,0.02639069,74,220
7290,5643,14852968,935569,130069,4252593,71471,0.02825156,0.02602857,74,221
7291,5703,0,882210,8254,4306937,62379,0.01323639,0.01092827,74,221
7292,5550,14810794,2242710,731311,4314579,82197,0.03054637,0.02831184,74,222
7293,6110,14552087,919799,129358,4265515,71177,0.02846333,0.02622663,74,223
7294,5722,14498217,966721,142298,4397711,72079,0.02868372,0.0262478,74,224
7295,5892,0,876024,10778,4334779,62375,0.01420532,0.01193459,74,224
7296,5943,14545715,992714,156812,4314482,71767,0.02865804,0.02622565,74,225
7297,6046,14719817,1006701,210495,4179244,72075,0.02904203,0.02651366,74,226
7298,5708,14834678,947635,76278,4281078,70943,0.02854044,0.0261511,74,227
7299,6490,0,866767,10457,4295159,62807,0.01343044,0.01129754,74,227
7300,5676,14685322,969410,164575,4270079,70967,0.02843274,0.02612863,74,228
7301,5686,14356706,906793,101645,4262274,71075,0.02785028,0.02545234,74,229
7302,5672,14407812,881988,12895,4189268,70675,0.02814434,0.02585256,74,230
7303,5962,0,879442,7381,4336351,62421,0.01410471,0.01206872,74,230
7304,6150,14643972,978592,158595,4211559,71757,0.02899942,0.02664713,74,231
7305,6322,14556997,929015,73081,4317483,71227,0.028087,0.02575994,74,232
7306,5781,14700759,955241,143612,4427445,71747,0.02836917,0.02612251,74,233
7307,5950,0,902024,4709,4219962,62379,0.01329098,0.01108588,74,233
7308,6055,14753260,956501,108879,4263112,71157,0.0283447,0.02606958,74,234
7309,6017,14572681,949593,75284,4194619,70927,0.0280523,0.02565322,74,235
7310,5825,0,899414,7606,4578351,62717,0.01349371,0.01137224,74,235
7311,6026,14584367,1090761,239490,4321650,72757,0.02841056,0.02612575,74,236
7312,5854,14744752,971427,115557,4220736,71339,0.02865927,0.02643868,74,237
7313,5566,14701482,997439,156873,4131343,71565,0.02817948,0.025805,74,238
7314,5865,0,918645,8339,4190177,62371,0.01288884,0.01094039,74,238
7315,5554,14860113,2125366,786068,4147558,81965,0.03032564,0.02800178,74,239
7316,6172,14550963,1019222,115838,4271460,71639,0.0285393,0.02626103,74,240
7317,6112,14420997,992618,149815,4149040,71683,0.02809242,0.02590918,74,241
7318,6202,0,868373,10597,4345754,62379,0.01393978,0.01179275,74,241
7319,5963,15041041,1175268,208206,4204163,72167,0.02949923,0.02725384,74,242
7320,5891,15053507,1017070,255703,4258017,72485,0.02944935,0.02695949,74,243
7321,5838,14838329,959082,96114,4320674,71439,0.02877491,0.02641642,74,244
7322,5680,14745260,1013789,95229,4312761,71065,0.02879613,0.02644728,74,245
7323,6114,0,907465,4606,4343234,62381,0.01428438,0.01227118,74,245
7324,5803,14862373,976549,98926,4394723,70957,0.02839606,0.02619443,74,246
7325,5663,14867556,888932,77285,4384174,70865,0.02843146,0.02615219,74,247
7326,6285,14938270,978756,167649,4325219,72307,0.02850279,0.02628264,74,248
7327,20040,0,868331,8588,4310575,62379,0.01347095,0.01137321,74,248
7328,5999,14563426,936865,87535,4242204,71025,0.02790748,0.02570503,74,249
7329,5657,14882528,976561,168751,4185557,71665,0.02836015,0.026084,74,250
7330,5716,0,955692,8200,4309757,62427,0.01350295,0.01147826,74,250
7331,5970,14775293,947131,104799,4205066,71157,0.02819135,0.02589816,74,251
7332,5620,14362854,915458,72247,4107043,71227,0.02819087,0.02581171,74,252
7333,5939,14190240,1177857,239253,4309131,72955,0.02835424,0.02591024,74,253
7334,5727,0,857675,11253,4209275,62391,0.01304952,0.01100947,74,253
7335,5512,14404173,955992,123479,4318769,71367,0.02783568,0.02554117,74,254
7336,17993,14544528,996382,162525,4161903,71875,0.02825104,0.02596978,74,255
7337,5723,0,843258,9140,4332222,62799,0.01341121,0.01126973,74,255
7338,6094,14429621,2080561,851253,4111504,81365,0.03001669,0.02776118,74,256
7339,5888,14449448,937146,117507,4314416,71287,0.02830099,0.02604306,74,257
7340,6092,14235404,966785,143482,4294008,71765,0.02852994,0.02610236,74,258
7341,5734,0,823533,12252,4302300,62435,0.01324177,0.01099665,74,258
7342,5577,14356835,1058668,203203,4320026,72367,0.02847386,0.02613093,74,259
7343,20570,14107171,1034675,233468,4140007,72839,0.02834925,0.0259681,74,260
7344,5705,13962063,1062371,92555,4304146,71099,0.0277581,0.02559322,74,261
7345,5864,0,860881,11523,4297920,62377,0.01313526,0.01120079,74,261
7346,5506,14188316,1027318,127617,4300991,71419,0.02807838,0.025769,74,262
7347,5459,14217537,905321,96308,4301181,71169,0.02767754,0.0254024,74,263
7348,5688,0,889916,13826,4212129,62717,0.0132088,0.01122188,74,263
7349,5778,14309894,921893,70302,4230821,74891,0.0274941,0.02532509,74,264
7350,6005,14123032,1065483,157708,4375942,71861,0.02840875,0.02615649,74,265
7351,5791,14629466,904188,75594,4271378,70887,0.02840187,0.02605304,74,266
7352,5568,0,862226,8690,4302751,62425,0.01365189,0.01153424,74,266
7353,5833,14388322,1079468,122094,4300442,71357,0.02804853,0.02584276,74,267
7354,14535,14572254,922103,106066,4198830,71729,0.02805954,0.02574422,74,268
7355,5631,14593193,923277,112316,4295557,71343,0.02810238,0.02573608,74,269
7356,5555,0,831011,8243,4355145,62379,0.01318246,0.01104991,74,269
7357,5813,14580850,1159954,248160,4378024,72957,0.02877869,0.02634162,74,270
7358,6138,14440376,986130,141876,4175399,71687,0.02805024,0.02570184,74,271
7359,5641,0,827335,10786,4407934,62731,0.01340154,0.01133535,74,271
7360,5648,14607705,969173,154856,4189631,71767,0.02814633,0.02589729,74,272
7361,5964,15031658,2308939,744145,4340752,81077,0.03165516,0.02923208,74,273
7362,5860,14602109,979247,141519,4252170,71287,0.02891532,0.02644934,74,274
7363,5910,14538308,1031073,183112,4196547,71983,0.02832808,0.02604341,74,275
7364,5834,0,859866,5207,4267445,62743,0.01333688,0.01116645,74,275
7365,5993,14405585,1210043,255865,4208815,72757,0.02862738,0.02634739,74,276
7366,5771,14455321,1006593,223838,4259287,72287,0.02858835,0.02635251,74,277
7367,6068,0,924491,10174,4274956,62481,0.01322295,0.01119255,74,277
7368,6020,14688755,960501,118965,4386016,71167,0.02861966,0.02631799,74,278
7369,6225,14891671,1005377,183991,4313546,71875,0.02889648,0.02653034,74,279
7370,6092,14885146,990480,100627,4133747,71439,0.02845443,0.02614176,74,280
7371,5986,0,869683,13487,4341478,62379,0.01424897,0.0120642,74,280
7372,17679,15131956,983524,89339,4212379,71015,0.02853835,0.02626501,74,281
7373,5626,15196398,981640,159605,4272865,71881,0.0287553,0.02635952,74,282
7374,5732,15039108,968614,78717,4373720,71017,0.02875893,0.02639201,74,283
7375,5711,0,889246,8611,4273023,62721,0.01339465,0.01133849,74,283
7376,5810,14972816,995165,174314,4225298,71557,0.02844605,0.02624731,74,284
7377,5759,15405490,1005240,95670,4186385,71075,0.02884237,0.02658858,74,285
7378,5471,15211586,942076,130703,4122276,71477,0.02861623,0.02634358,74,286
7379,5556,0,894384,22827,4261069,62379,0.01322828,0.01127663,74,286
7380,5810,15570565,1103445,317002,4357494,73367,0.02945193,0.02720967,74,287
7381,5689,15274862,1031521,161018,4252844,72381,0.02933858,0.0269019,74,288
7382,6018,15216248,991998,143388,4288564,71683,0.02896122,0.02673443,74,289
7383,5708,0,921061,11305,4364490,62379,0.01390435,0.01181777,74,289
7384,5799,15548674,2042342,652843,4188183,80575,0.03091935,0.02856548,74,290
7385,6545,15448609,955406,137967,4210661,71543,0.02930092,0.02703138,74,291
7386,6111,15081037,996463,162124,4092568,72227,0.02896267,0.02670585,74,292
7387,5681,15290824,1064766,236409,4346839,72965,0.02941367,0.02712321,74,293
7388,5912,0,872793,5098,4157189,62391,0.01351989,0.01138069,74,293
7389,5799,15249454,1093234,234466,4237599,72409,0.02934228,0.02708906,74,294
7390,6006,15171869,936673,112076,4282993,71287,0.02926831,0.02670283,74,295
7391,5757,15783354,1012287,173858,4157153,72427,0.02960096,0.02733596,74,296
7392,5768,0,831672,41347,4289506,62391,0.01369882,0.01168629,74,296
7393,5761,15238795,945847,123469,4161014,71367,0.02849254,0.02632847,74,297
7394,5831,15283290,932854,147877,4173353,71365,0.02881808,0.02651264,74,298
7395,6120,15143871,976686,155979,4266156,71931,0.02891363,0.02669092,74,299
7396,30490,0,837502,13070,4250576,62731,0.01287721,0.01085278,74,299
7397,5834,15342799,962609,70164,4285338,70835,0.02894658,0.02661104,74,300
7398,5792,15182746,991628,143964,4181156,71665,0.02894849,0.0267456,74,301
7399,6244,15121925,945834,113694,4105500,71271,0.02853134,0.02630696,74,302
7400,6068,0,882808,12942,4181998,62469,0.0134885,0.01138719,74,302
7401,5817,15526400,1076492,147799,4271508,71563,0.03008325,0.0276972,74,303
7402,5714,14854374,1142632,287782,4099371,74035,0.02867073,0.02634186,74,304
7403,5676,15051180,975853,163654,4139161,71887,0.02846961,0.02624787,74,305
7404,5906,0,850857,10819,4186794,62379,0.01305896,0.0109805,74,305
7405,6111,15105264,1000074,141256,4155277,71615,0.02864868,0.02634778,74,306
7406,5703,15573930,2138538,1848351,4274156,80599,0.03236309,0.0300999,74,307
7407,5735,15401168,998288,146831,4147470,72135,0.02943267,0.0269876,74,308
7408,5974,15642064,993606,160911,4259946,71871,0.02957118,0.02737439,74,309
7409,5839,0,954183,11789,4210034,62379,0.01406532,0.01208103,74,309
7410,5681,15732916,1069985,236617,4104752,72767,0.02967644,0.02740422,74,310
7411,5755,15242183,1070449,228469,4248849,72487,0.02941743,0.02704534,74,311
7412,5733,15061871,964535,127906,4145179,71839,0.02896349,0.02662845,74,312
7413,5814,15576743,1001770,183349,4446745,72217,0.0300638,0.02757914,74,313
7414,5671,0,853788,5047,4413523,62387,0.01359104,0.01144348,74,313
7415,5575,15775465,971242,167927,4272556,71757,0.02945247,0.02712899,74,314
7416,6025,15730758,925565,122692,4152851,71331,0.02963708,0.02740776,74,315
7417,5551,15617160,987514,140641,4262966,72027,0.02929394,0.0270484,74,316
7418,5843,15630843,912609,125636,4438356,71071,0.02948464,0.02727372,74,317
7419,5562,0,877813,5132,4251362,62469,0.0130881,0.01107452,74,317
7420,5574,15482852,1054921,147352,4233372,71553,0.02968954,0.02747762,74,318
7421,5593,15878115,936596,91321,4120854,71139,0.02940287,0.02708218,74,319
7422,5918,15856920,957978,143557,4260629,72017,0.02938667,0.0271732,74,320
7423,5841,0,869180,9714,4101625,62375,0.01346396,0.01142133,74,320
7424,5323,15705198,1118521,291019,4240544,73557,0.02945353,0.02719485,74,321
7425,5712,15619069,969377,160466,4221744,71887,0.02926761,0.02708043,74,322
7426,5670,15634241,1059064,125584,4356153,71621,0.02943109,0.02716357,74,323
7427,5800,0,845484,12064,4155063,62743,0.01306956,0.01107599,74,323
7428,6109,15583992,2135750,679152,4255035,80623,0.03107235,0.02883934,74,324
7429,17582,14940568,985821,181358,4123483,72139,0.02893437,0.02671462,74,325
7430,5980,15242934,1179244,198468,4125311,72091,0.02956562,0.02726027,74,326
7431,5891,15017108,1078264,235082,4269933,72935,0.02921994,0.02684612,74,327
7432,5876,0,873944,4802,4114282,62833,0.01301436,0.01099161,74,327
7433,5271,15028406,1030083,242337,4138283,72357,0.02904337,0.02679054,74,328
7434,6100,15048593,1080505,152000,4279930,71687,0.02901406,0.02688269,74,329
7435,6218,15199221,1046944,221690,4111171,72687,0.0293276,0.02677779,74,330
7436,5689,0,822200,15875,4427606,62443,0.01350158,0.01143484,74,330
7437,5866,15055001,1005090,184900,4330474,72219,0.0289188,0.02657103,74,331
7438,5951,15288926,960561,144746,4220023,72035,0.02901061,0.02671498,74,332
7439,5806,14931505,1011196,159466,4620788,71965,0.02917621,0.02672004,74,333
7440,6383,0,928212,22637,4319615,62391,0.01340054,0.0112595,74,333
7441,5755,15198777,926135,105717,4415744,71163,0.02947712,0.02722879,74,334
7442,5490,15360779,1105346,167049,4097159,71675,0.02919909,0.02688448,74,335
7443,6144,15094438,914970,102974,4385419,71439,0.02861525,0.02631035,74,336
7444,5804,0,878548,12269,4188015,62379,0.01277091,0.01079604,74,336
7445,6217,15381964,973163,182163,4366293,71819,0.02901731,0.02682895,74,337
7446,6150,14838249,1060555,246336,4121459,73165,0.02839251,0.02613547,74,338
7447,5904,15172251,971322,162167,4273107,71943,0.02879517,0.02652377,74,339
7448,6038,0,880507,9651,4185093,62731,0.01349352,0.01137509,74,339
7449,6174,15447822,988834,113691,4372260,71157,0.029041,0.02677538,74,340
7450,6020,15373183,2106054,750738,4174777,81187,0.03131209,0.02904532,74,341
7451,18182,15358679,1047419,220869,4147678,72087,0.02965019,0.02736803,74,342
7452,5682,15508525,1035681,175149,4228838,72193,0.03010015,0.02770675,74,343
