frame,frameTime,renderTime,drawCalls,batches,setPassCalls,triangles,enemies,shots
15320,0.02805549,0.02583732,5715,5709,624,401797,74,128
15321,0.02906857,0.02635076,5714,5709,624,401795,74,128
15322,0.01349062,0.01139312,5714,5709,624,401795,74,128
15323,0.02815062,0.02595508,5720,5709,624,401807,74,128
15324,0.02772211,0.02551981,5722,5709,624,401811,74,128
15325,0.02806264,0.02575461,5720,5709,624,401807,74,128
15326,0.01321455,0.0111599,5718,5709,624,401803,74,128
15327,0.03202277,0.02960925,5775,5713,628,401917,74,128
15328,0.0287352,0.02644467,5771,5713,628,401909,74,128
15329,0.02811868,0.02592415,5771,5713,628,401909,74,128
15330,0.01354325,0.01136236,5770,5713,628,401907,74,128
15331,0.02840235,0.02612851,5772,5713,628,401911,74,128
15332,0.02882564,0.02652097,5723,5713,628,401813,74,128
15333,0.02837112,0.02610968,5722,5713,628,401811,74,128
15334,0.01316494,0.01120811,5718,5713,628,401803,74,128
15335,0.02767376,0.02542501,5719,5713,628,401805,74,128
15336,0.03076456,0.02852985,5718,5713,628,401803,74,128
15337,0.0277556,0.02538893,5714,5713,628,401795,74,128
15338,0.01340968,0.01130543,5713,5713,628,401793,74,128
15339,0.02742009,0.02527768,5716,5713,628,401799,74,128
15340,0.02731454,0.02505197,5716,5713,628,401799,74,128
15341,0.01363103,0.01136494,5715,5713,628,401797,74,128
15342,0.0270591,0.02484034,5718,5713,628,401803,74,128
15343,0.02741702,0.02515653,5722,5713,628,401811,74,128
15344,0.01463969,0.01258146,5719,5713,628,401805,74,128
15345,0.02808311,0.02564595,5721,5713,628,401809,74,128
15346,0.02729838,0.02496143,5726,5713,628,401819,74,128
15347,0.02749038,0.02509738,5727,5713,628,401821,74,128
15348,0.013271,0.01120244,5723,5713,628,401813,74,128
15349,0.02737021,0.02504161,5725,5713,628,401817,74,128
15350,0.03039623,0.0279803,5777,5715,630,401921,74,128
15351,0.02783139,0.02551658,5773,5715,630,401913,74,128
15352,0.01272095,0.01074337,5769,5715,630,401905,74,128
15353,0.02758037,0.02542142,5774,5715,630,401915,74,128
15354,0.02737259,0.02502579,5775,5715,630,401917,74,128
15355,0.01304844,0.01092465,5723,5715,630,401813,74,128
15356,0.02742131,0.025182,5727,5715,630,401821,74,128
15357,0.02767034,0.02532605,5726,5715,630,401819,74,128
15358,0.01322701,0.01112261,5721,5715,630,401809,74,128
15359,0.02730566,0.02506742,5722,5715,630,401811,74,128
15360,0.02725999,0.02497892,5720,5715,630,401807,74,128
15361,0.01301669,0.01090887,5716,5715,630,401799,74,128
15362,0.02718553,0.02493942,5716,5715,630,401799,74,128
15363,0.02728694,0.0249482,5718,5715,630,401803,74,128
15364,0.01286776,0.01077974,5717,5715,630,401801,74,128
15365,0.02693601,0.02455608,5717,5715,630,401801,74,128
15366,0.02734536,0.02491585,5719,5715,630,401805,74,128
15367,0.01297874,0.01082626,5719,5715,630,401805,74,128
15368,0.02757796,0.0253322,5725,5715,630,401817,74,128
15369,0.02682491,0.02462674,5724,5715,630,401815,74,128
15370,0.0271064,0.02487808,5731,5715,630,401829,74,128
15371,0.01289306,0.01093511,5728,5715,630,401823,74,128
15372,0.02696412,0.02475092,5732,5715,630,401831,74,128
15373,0.02686671,0.02456869,5730,5715,630,401827,74,128
15374,0.01287935,0.01097823,5728,5715,630,401823,74,128
15375,0.02993785,0.02766225,5777,5715,630,401921,74,128
15376,0.02797751,0.02561178,5772,5715,630,401911,74,128
15377,0.01347787,0.01120637,5768,5715,630,401903,74,128
15378,0.02746369,0.02503294,5773,5715,630,401913,74,128
15379,0.0281354,0.02570371,5773,5715,630,401913,74,128
15380,0.02772271,0.02535507,5728,5715,630,401823,74,128
15381,0.01305264,0.01109052,5726,5715,630,401819,74,128
15382,0.02662851,0.02444613,5728,5715,630,401823,74,128
15383,0.02688254,0.02470492,5724,5715,630,401815,74,128
15384,0.01333751,0.01131129,5720,5715,630,401807,74,128
15385,0.02694085,0.02466153,5722,5715,630,401811,74,128
15386,0.02757242,0.02536278,5718,5715,630,401803,74,128
15387,0.01402743,0.01188429,5716,5715,630,401799,74,128
15388,0.02676758,0.02453766,5719,5715,630,401805,74,128
15389,0.02722071,0.02494545,5719,5715,630,401805,74,128
15390,0.01279225,0.01072386,5717,5715,630,401801,74,128
15391,0.02669066,0.02447257,5720,5715,630,401807,74,128
15392,0.02667018,0.02451972,5725,5715,630,401817,74,128
15393,0.01282404,0.01088514,5722,5715,630,401811,74,128
15394,0.02645504,0.02424309,5724,5715,630,401815,74,128
15395,0.02706614,0.02465943,5731,5715,630,401829,74,128
15396,0.01256944,0.010619,5731,5715,630,401829,74,128
15397,0.02636545,0.02414653,5731,5715,630,401829,74,128
15398,0.02637293,0.02423113,5730,5715,630,401827,74,128
15399,0.01244302,0.01039999,5730,5715,630,401827,74,128
15400,0.03006297,0.02762641,5777,5715,630,401921,74,128
15401,0.02764515,0.02526258,5771,5715,630,401909,74,128
15402,0.01328822,0.01112743,5768,5715,630,401903,74,128
15403,0.02693796,0.02460421,5773,5715,630,401913,74,128
15404,0.02767053,0.0254323,5773,5715,630,401913,74,128
15405,0.02752717,0.02497711,5729,5715,630,401825,74,128
15406,0.01268772,0.01065981,5727,5715,630,401821,74,128
15407,0.02676718,0.02438524,5729,5715,630,401825,74,128
15408,0.0272337,0.02497876,5725,5715,630,401817,74,128
15409,0.01262276,0.01052321,5721,5715,630,401809,74,128
15410,0.02699115,0.02473548,5725,5715,630,401817,74,128
15411,0.02672293,0.02445265,5720,5715,630,401807,74,128
15412,0.01236189,0.01043545,5718,5715,630,401803,74,128
15413,0.02728644,0.025083,5723,5715,630,401813,74,128
15414,0.02689467,0.02456553,5724,5715,630,401815,74,128
15415,0.01304803,0.01093455,5720,5715,630,401807,74,128
15416,0.02705573,0.0248562,5722,5715,630,401811,74,128
15417,0.02730609,0.0248954,5727,5715,630,401821,74,128
15418,0.01282125,0.01081584,5722,5715,630,401811,74,128
15419,0.02654644,0.02426749,5724,5715,630,401815,74,128
15420,0.02736285,0.02513506,5731,5715,630,401829,74,128
15421,0.01389929,0.01185875,5729,5715,630,401825,74,128
15422,0.02679198,0.02458022,5732,5715,630,401831,74,128
15423,0.02671155,0.0245146,5731,5715,630,401829,74,128
15424,0.01692967,0.0143337,5729,5715,630,401825,74,128
15425,0.03093997,0.02825954,5777,5715,630,401921,74,128
15426,0.02805324,0.02573775,5771,5715,630,401909,74,128
15427,0.03014456,0.02736506,5773,5715,630,401913,74,128
15428,0.02874827,0.02624143,5773,5715,630,401913,74,128
15429,0.01457207,0.01201799,5773,5715,630,401913,74,128
15430,0.02826739,0.02607778,5730,5715,630,401827,74,128
15431,0.0271649,0.02486239,5728,5715,630,401823,74,128
15432,0.02795211,0.02573114,5724,5715,630,401815,74,128
15433,0.01365467,0.01155175,5720,5715,630,401807,74,128
15434,0.02711753,0.0248046,5724,5715,630,401815,74,128
15435,0.0267466,0.02452342,5719,5715,630,401805,74,128
15436,0.01268277,0.01061056,5718,5715,630,401803,74,128
15437,0.02674116,0.02439892,5724,5715,630,401815,74,128
15438,0.02708453,0.02477276,5725,5715,630,401817,74,128
15439,0.01286859,0.01085999,5721,5715,630,401809,74,128
15440,0.02627533,0.02400273,5723,5715,630,401813,74,128
15441,0.02651606,0.02438072,5728,5715,630,401823,74,128
15442,0.01261593,0.01065905,5728,5715,630,401823,74,128
15443,0.02644964,0.02405066,5724,5715,630,401815,74,128
15444,0.02709314,0.02479371,5732,5715,630,401831,74,128
15445,0.01260653,0.01058968,5732,5715,630,401831,74,128
15446,0.0281277,0.02593887,5733,5715,630,401833,74,128
15447,0.02687664,0.02461077,5733,5715,630,401833,74,128
15448,0.01453855,0.01240699,5731,5715,630,401829,74,128
15449,0.0305847,0.02795767,5779,5717,632,401925,74,128
15450,0.02733147,0.02508694,5771,5717,632,401909,74,128
15451,0.02853408,0.02628178,5773,5717,632,401913,74,128
15452,0.01317364,0.01111817,5768,5717,632,401903,74,128
15453,0.0280845,0.02568257,5773,5717,632,401913,74,128
15454,0.02797037,0.0256837,5732,5717,632,401831,74,128
15455,0.01276124,0.01070102,5730,5717,632,401827,74,128
15456,0.02820776,0.02594328,5731,5717,632,401829,74,128
15457,0.02776702,0.02541471,5727,5717,632,401821,74,128
15458,0.02751756,0.02531927,5725,5717,632,401817,74,128
15459,0.01379168,0.01154322,5720,5716,631,401807,74,128
15460,0.02695273,0.02475336,5720,5716,631,401807,74,128
15461,0.02776185,0.02549157,5726,5717,632,401819,74,128
15462,0.01254733,0.01047846,5725,5717,632,401817,74,128
15463,0.02727121,0.02509774,5727,5717,632,401821,74,128
15464,0.0273411,0.02505858,5726,5717,632,401819,74,128
15465,0.01258461,0.01050536,5726,5717,632,401819,74,128
15466,0.0288866,0.02653977,5731,5717,632,401829,74,128
15467,0.0280165,0.02549088,5726,5717,632,401819,74,128
15468,0.0127395,0.01069695,5724,5717,632,401815,74,128
15469,0.02779946,0.02545919,5733,5717,632,401833,74,128
15470,0.02762896,0.02546613,5733,5717,632,401833,74,128
15471,0.02756818,0.02529823,5733,5717,632,401833,74,128
15472,0.01371159,0.01174107,5731,5717,632,401829,74,128
15473,0.0307902,0.02834853,5779,5717,632,401925,74,128
15474,0.02796952,0.02543473,5772,5717,632,401911,74,128
15475,0.0276354,0.02543075,5775,5717,632,401917,74,128
15476,0.01313062,0.0111001,5770,5717,632,401907,74,128
15477,0.02789939,0.02553578,5775,5717,632,401917,74,128
15478,0.02786302,0.02561624,5732,5717,632,401831,74,128
15479,0.01259863,0.01046105,5730,5717,632,401827,74,128
15480,0.02737907,0.02514928,5731,5717,632,401829,74,128
15481,0.02834305,0.02593791,5727,5717,632,401821,74,128
15482,0.01291776,0.01082323,5722,5717,632,401811,74,128
15483,0.02759324,0.02524078,5725,5717,632,401817,74,128
15484,0.02875856,0.02611912,5720,5716,631,401807,74,128
15485,0.02775613,0.02528318,5727,5717,632,401821,74,128
15486,0.01293093,0.01092733,5726,5717,632,401819,74,128
15487,0.02701319,0.0247535,5727,5717,632,401821,74,128
15488,0.02701483,0.02474632,5726,5717,632,401819,74,128
15489,0.01296287,0.01096198,5726,5717,632,401819,74,128
15490,0.02774382,0.02552545,5731,5717,632,401829,74,128
15491,0.02832285,0.02604708,5725,5717,632,401817,74,128
15492,0.0127645,0.01072348,5724,5717,632,401815,74,128
15493,0.02763146,0.02537354,5734,5717,632,401835,74,128
15494,0.02760508,0.02535163,5734,5717,632,401835,74,128
15495,0.0274319,0.02516018,5734,5717,632,401835,74,128
15496,0.01286049,0.01089706,5732,5717,632,401831,74,128
15497,0.03155241,0.02915522,5779,5717,632,401925,74,128
15498,0.02775646,0.02544454,5771,5717,632,401909,74,128
15499,0.02804043,0.02580743,5774,5717,632,401915,74,128
