Map,Faction,Players,Lives,Towers purchased,Gold spent,Gold remaining,Air leaks
Rimewatch,Rime Covenant,1,30,139,3130,290,0
Rimewatch,Stonebound,1,30,112,3130,290,0
Rimewatch,Ember Assembly,1,30,116,3140,280,0
Rimewatch,Volt Vanguard,1,30,136,3125,295,0
Ironfold,Pulse Foundry,1,30,322,3220,540,0
Ironfold,Blast Circuit,1,30,322,3220,540,0
Ironfold,Prism Division,1,30,322,3220,540,0
Ironfold,Horizon Guild,1,30,335,3350,410,0
Ironfold,Gravity Works,1,30,245,3430,330,0
Ironfold,Scrap Frontier,1,30,322,2254,1506,0
Ironfold,Overdrive Order,1,30,309,3090,670,0
Ironfold,Tidal Array,1,30,322,3220,540,0
Rimewatch,Rime Covenant,2,30,139,3130,290,0
Rimewatch,Stonebound,2,30,112,3130,290,0
Rimewatch,Ember Assembly,2,30,116,3140,280,0
Rimewatch,Volt Vanguard,2,30,136,3125,295,0
Ironfold,Pulse Foundry,2,30,322,3220,540,0
Ironfold,Blast Circuit,2,30,322,3220,540,0
Ironfold,Prism Division,2,30,322,3220,540,0
Ironfold,Horizon Guild,2,30,335,3350,410,0
Ironfold,Gravity Works,2,30,244,3416,344,0
Ironfold,Scrap Frontier,2,30,322,2254,1506,0
Ironfold,Overdrive Order,2,30,309,3090,670,0
Ironfold,Tidal Array,2,30,322,3220,540,0
